"word_id","word","sen"
"1910","abbot","sensitive"
"1911","able_seaman","sensitive"
"1912","adonis","sensitive"
"1913","aircraftsman","sensitive"
"1914","aircrewman","sensitive"
"1915","alderman","sensitive"
"1916","altar_boy","sensitive"
"1917","ape-man","sensitive"
"1918","apostle","sensitive"
"1919","archbishop","sensitive"
"1920","archdeacon","sensitive"
"1921","archpriest","sensitive"
"1922","armiger","sensitive"
"1923","armiger","sensitive"
"1924","artilleryman","sensitive"
"1925","assemblyman","sensitive"
"1926","augustinian","sensitive"
"1927","austin_friar","sensitive"
"1928","babu","sensitive"
"1929","bacchant","sensitive"
"1930","bachelor","sensitive"
"1931","backroom_boy","sensitive"
"1932","baggageman","sensitive"
"1933","bagman","sensitive"
"1934","ball_boy","sensitive"
"1935","ballet_master","sensitive"
"1936","bandsman","sensitive"
"1937","baritone","sensitive"
"1938","baron","sensitive"
"1939","baron","sensitive"
"1940","baron","sensitive"
"1941","basileus","sensitive"
"1942","bass","sensitive"
"1943","bat_boy","sensitive"
"1944","batman","sensitive"
"1945","beadsman","sensitive"
"1946","beggarman","sensitive"
"1947","bellboy","sensitive"
"1948","benedick","sensitive"
"1949","best_man","sensitive"
"1950","bey","sensitive"
"1951","bey","sensitive"
"1952","big_brother","sensitive"
"1953","black_man","sensitive"
"1954","blade","sensitive"
"1955","blood_brother","sensitive"
"1956","boatman","sensitive"
"1957","bondman","sensitive"
"1958","bondman","sensitive"
"1959","bondsman","sensitive"
"1960","border_patrolman","sensitive"
"1961","boy","sensitive"
"1962","boy","sensitive"
"1963","boy_scout","sensitive"
"1964","boy_scout","sensitive"
"1965","boy_wonder","sensitive"
"1966","boyfriend","sensitive"
"1967","brahman","sensitive"
"1968","brakeman","sensitive"
"1969","broth_of_a_boy","sensitive"
"1970","brother","sensitive"
"1971","brother","sensitive"
"1972","brother","sensitive"
"1973","brother","sensitive"
"1974","brother-in-law","sensitive"
"1975","brunet","sensitive"
"1976","buddy","sensitive"
"1977","bull","sensitive"
"1978","bullyboy","sensitive"
"1979","burgrave","sensitive"
"1980","burgrave","sensitive"
"1981","busboy","sensitive"
"1982","bushman","sensitive"
"1983","bushman","sensitive"
"1984","businessman","sensitive"
"1985","butler","sensitive"
"1986","cabin_boy","sensitive"
"1987","cameraman","sensitive"
"1988","capo","sensitive"
"1989","career_man","sensitive"
"1990","casanova","sensitive"
"1991","castrato","sensitive"
"1992","catamite","sensitive"
"1993","cattleman","sensitive"
"1994","cavalier","sensitive"
"1995","cavalier","sensitive"
"1996","cavalryman","sensitive"
"1997","cavalryman","sensitive"
"1998","caveman","sensitive"
"1999","centurion","sensitive"
"2000","chairman_of_the_board","sensitive"
"2001","chairman","sensitive"
"2002","chairmen","sensitive"
"2003","chapman","sensitive"
"2004","charon","sensitive"
"2005","choirboy","sensitive"
"2006","church_father","sensitive"
"2007","city_man","sensitive"
"2008","clansman","sensitive"
"2009","clergyman","sensitive"
"2010","cleric","sensitive"
"2011","closet_queen","sensitive"
"2012","coachman","sensitive"
"2013","coalman","sensitive"
"2014","coastguardsman","sensitive"
"2015","codger","sensitive"
"2016","coiffeur","sensitive"
"2017","committeeman","sensitive"
"2018","company_man","sensitive"
"2019","confidence_man","sensitive"
"2020","congressman","sensitive"
"2021","cornishman","sensitive"
"2022","councilman","sensitive"
"2023","count","sensitive"
"2024","countertenor","sensitive"
"2025","countryman","sensitive"
"2026","countryman","sensitive"
"2027","cowboy","sensitive"
"2028","cowboy","sensitive"
"2029","cowboy","sensitive"
"2030","craftsman","sensitive"
"2031","craftsman","sensitive"
"2032","craftsman","sensitive"
"2033","crewman","sensitive"
"2034","crewman","sensitive"
"2035","crown_prince","sensitive"
"2036","cub","sensitive"
"2037","cub_scout","sensitive"
"2038","cuckold","sensitive"
"2039","curandero","sensitive"
"2040","cyril","sensitive"
"2041","czar","sensitive"
"2042","dad","sensitive"
"2043","dairyman","sensitive"
"2044","dairyman","sensitive"
"2045","dalesman","sensitive"
"2046","dandy","sensitive"
"2047","danseur","sensitive"
"2048","dauphin","sensitive"
"2049","dayboy","sensitive"
"2050","deacon","sensitive"
"2051","deacon","sensitive"
"2052","deadbeat_dad","sensitive"
"2053","dean","sensitive"
"2054","deliveryman","sensitive"
"2055","dirty_old_man","sensitive"
"2056","dog","sensitive"
"2057","doge","sensitive"
"2058","domestic_prelate","sensitive"
"2059","don","sensitive"
"2060","don_juan","sensitive"
"2061","doorkeeper","sensitive"
"2062","doughboy","sensitive"
"2063","draftsman","sensitive"
"2064","draftsman","sensitive"
"2065","dragoman","sensitive"
"2066","duke","sensitive"
"2067","dutch_uncle","sensitive"
"2068","eagle_scout","sensitive"
"2069","earl","sensitive"
"2070","earl_marshal","sensitive"
"2071","ejaculator","sensitive"
"2072","elder_statesman","sensitive"
"2073","elder_statesman","sensitive"
"2074","elector","sensitive"
"2075","emir","sensitive"
"2076","emperor","sensitive"
"2077","end_man","sensitive"
"2078","end_man","sensitive"
"2079","englishman","sensitive"
"2080","enlisted_man","sensitive"
"2081","ent_man","sensitive"
"2082","eparch","sensitive"
"2083","esquire","sensitive"
"2084","esquire","sensitive"
"2085","ethnarch","sensitive"
"2086","everyman","sensitive"
"2087","ex-boyfriend","sensitive"
"2088","ex-husband","sensitive"
"2089","exarch","sensitive"
"2090","exarch","sensitive"
"2091","exarch","sensitive"
"2092","excavator","sensitive"
"2093","family_man","sensitive"
"2094","fancy_man","sensitive"
"2095","farm_boy","sensitive"
"2096","fathead","sensitive"
"2097","father","sensitive"
"2098","father","sensitive"
"2099","father","sensitive"
"2100","father_figure","sensitive"
"2101","father-figure","sensitive"
"2102","father-in-law","sensitive"
"2103","fauntleroy","sensitive"
"2104","favorite_son","sensitive"
"2105","fellow","sensitive"
"2106","ferryman","sensitive"
"2107","feudal_lord","sensitive"
"2108","fireman","sensitive"
"2109","first_baseman","sensitive"
"2110","fisherman","sensitive"
"2111","flamen","sensitive"
"2112","footman","sensitive"
"2113","forefather","sensitive"
"2114","forefather","sensitive"
"2115","foreman","sensitive"
"2116","foreman","sensitive"
"2117","foster-brother","sensitive"
"2118","foster-father","sensitive"
"2119","foster-son","sensitive"
"2120","four-minute_man","sensitive"
"2121","franklin","sensitive"
"2122","freedman","sensitive"
"2123","freeman","sensitive"
"2124","frenchman","sensitive"
"2125","friar","sensitive"
"2126","front_man","sensitive"
"2127","frontiersman","sensitive"
"2128","fugleman","sensitive"
"2129","g-man","sensitive"
"2130","gagman","sensitive"
"2131","gagman","sensitive"
"2132","galoot","sensitive"
"2133","ganger","sensitive"
"2134","garbage_man","sensitive"
"2135","gasman","sensitive"
"2136","gaucho","sensitive"
"2137","gay_man","sensitive"
"2138","geezer","sensitive"
"2139","gent","sensitive"
"2140","gentleman","sensitive"
"2141","gentlemen","sensitive"
"2142","gillie","sensitive"
"2143","gitano","sensitive"
"2144","godfather","sensitive"
"2145","godfather","sensitive"
"2146","godson","sensitive"
"2147","goliard","sensitive"
"2148","good_old_boy","sensitive"
"2149","grand_duke","sensitive"
"2150","grandee","sensitive"
"2151","grandfather","sensitive"
"2152","grandson","sensitive"
"2153","grass_widower","sensitive"
"2154","great_grandfather","sensitive"
"2155","great_grandson","sensitive"
"2156","great-nephew","sensitive"
"2157","great-uncle","sensitive"
"2158","grocery_boy","sensitive"
"2159","groom","sensitive"
"2160","groom","sensitive"
"2161","groomsman","sensitive"
"2162","groundsman","sensitive"
"2163","guardsman","sensitive"
"2164","gunman","sensitive"
"2165","gunman","sensitive"
"2166","guy","sensitive"
"2167","handyman","sensitive"
"2168","hangman","sensitive"
"2169","hatchet_man","sensitive"
"2170","hatchet_man","sensitive"
"2171","he","sensitive"
"2172","head_linesman","sensitive"
"2173","headman","sensitive"
"2174","headsman","sensitive"
"2175","heidelberg_man","sensitive"
"2176","helmsman","sensitive"
"2177","herr","sensitive"
"2178","him","sensitive"
"2179","himself","sensitive"
"2180","his","sensitive"
"2181","hobbledehoy","sensitive"
"2182","holdup_man","sensitive"
"2183","holy_roman_emperor","sensitive"
"2184","homeboy","sensitive"
"2185","homeboy","sensitive"
"2186","hooray_henry","sensitive"
"2187","horseman","sensitive"
"2188","horseman","sensitive"
"2189","housefather","sensitive"
"2190","husband","sensitive"
"2191","iceman","sensitive"
"2192","imam","sensitive"
"2193","inamorato","sensitive"
"2194","indiana","sensitive"
"2195","infantryman","sensitive"
"2196","irishman","sensitive"
"2197","iron_man","sensitive"
"2198","ironside","sensitive"
"2199","jacob","sensitive"
"2200","jawan","sensitive"
"2201","jimdandy","sensitive"
"2202","john_doe","sensitive"
"2203","john_doe","sensitive"
"2204","jute","sensitive"
"2205","kaiser","sensitive"
"2206","kennan","sensitive"
"2207","king","sensitive"
"2208","king_of_england","sensitive"
"2209","king_of_france","sensitive"
"2210","king_of_the_germans","sensitive"
"2211","kinsman","sensitive"
"2212","klansman","sensitive"
"2213","knight_of_the_round_table","sensitive"
"2214","knight_templar","sensitive"
"2215","knight-errant","sensitive"
"2216","lackey","sensitive"
"2217","lawman","sensitive"
"2218","layman","sensitive"
"2219","leading_man","sensitive"
"2220","letterman","sensitive"
"2221","libertine","sensitive"
"2222","liege","sensitive"
"2223","life_peer","sensitive"
"2224","lighterman","sensitive"
"2225","limey","sensitive"
"2226","lineman","sensitive"
"2227","lineman","sensitive"
"2228","linesman","sensitive"
"2229","linkboy","sensitive"
"2230","little_brother","sensitive"
"2231","liveryman","sensitive"
"2232","lobsterman","sensitive"
"2233","longbowman","sensitive"
"2234","loon","sensitive"
"2235","lord","sensitive"
"2236","lord_chancellor","sensitive"
"2237","lothario","sensitive"
"2238","lounge_lizard","sensitive"
"2239","lowerclassman","sensitive"
"2240","lumberman","sensitive"
"2241","macaroni","sensitive"
"2242","macho","sensitive"
"2243","mafioso","sensitive"
"2244","maharaja","sensitive"
"2245","mailman","sensitive"
"2246","male","sensitive"
"2248","male_aristocrat","sensitive"
"2249","male_chauvinist","sensitive"
"2250","male_child","sensitive"
"2251","male_offspring","sensitive"
"2252","male_sibling","sensitive"
"2253","malik","sensitive"
"2254","man","sensitive"
"2259","man_jack","sensitive"
"2260","man_of_letters","sensitive"
"2261","man_of_means","sensitive"
"2262","man-at-arms","sensitive"
"2263","manservant","sensitive"
"2264","margrave","sensitive"
"2265","marksman","sensitive"
"2266","marquess","sensitive"
"2267","marquis","sensitive"
"2268","masseur","sensitive"
"2269","medicine_man","sensitive"
"2270","men","sensitive"
"2271","mesne_lord","sensitive"
"2272","messenger_boy","sensitive"
"2273","mestizo","sensitive"
"2274","middle-aged_man","sensitive"
"2275","midshipman","sensitive"
"2276","mikado","sensitive"
"2277","miles_gloriosus","sensitive"
"2278","military_policeman","sensitive"
"2279","militiaman","sensitive"
"2280","milkman","sensitive"
"2281","milord","sensitive"
"2282","minuteman","sensitive"
"2283","miracle_man","sensitive"
"2284","misogynist","sensitive"
"2285","mollycoddle","sensitive"
"2286","monk","sensitive"
"2287","monsieur","sensitive"
"2288","monsignor","sensitive"
"2289","mother's_boy","sensitive"
"2290","mother's_son","sensitive"
"2291","mover","sensitive"
"2292","mr.","sensitive"
"2293","muffin_man","sensitive"
"2294","mullah","sensitive"
"2295","muscleman","sensitive"
"2296","nabob","sensitive"
"2297","nephew","sensitive"
"2298","night_watchman","sensitive"
"2299","novillero","sensitive"
"2300","nuncio","sensitive"
"2301","oarsman","sensitive"
"2302","office_boy","sensitive"
"2303","oilman","sensitive"
"2304","oilman","sensitive"
"2305","oklahoman","sensitive"
"2306","old_boy","sensitive"
"2307","old_boy","sensitive"
"2308","old_boy","sensitive"
"2309","old_man","sensitive"
"2310","old_man","sensitive"
"2311","old_man","sensitive"
"2312","one_of_the_boys","sensitive"
"2313","orangeman","sensitive"
"2314","ordinary","sensitive"
"2315","organization_man","sensitive"
"2316","ottoman","sensitive"
"2317","outdoorsman","sensitive"
"2318","pachuco","sensitive"
"2319","page","sensitive"
"2320","palatine","sensitive"
"2321","paperboy","sensitive"
"2322","party_man","sensitive"
"2323","pater","sensitive"
"2324","patriarch","sensitive"
"2325","patriarch","sensitive"
"2326","patriarch","sensitive"
"2327","pederast","sensitive"
"2328","peer","sensitive"
"2329","peer_of_the_realm","sensitive"
"2330","pendragon","sensitive"
"2331","peter_pan","sensitive"
"2332","pharaoh","sensitive"
"2333","pilate","sensitive"
"2334","piltdown_man","sensitive"
"2335","pitchman","sensitive"
"2336","placeman","sensitive"
"2337","plainclothesman","sensitive"
"2338","plainsman","sensitive"
"2339","plowboy","sensitive"
"2340","plowman","sensitive"
"2341","point_man","sensitive"
"2342","point_man","sensitive"
"2343","pointsman","sensitive"
"2344","policeman","sensitive"
"2345","polycarp","sensitive"
"2346","polygynist","sensitive"
"2347","ponce","sensitive"
"2348","ponce_de_leon","sensitive"
"2349","pope","sensitive"
"2350","popper","sensitive"
"2351","posseman","sensitive"
"2352","poster_boy","sensitive"
"2353","potboy","sensitive"
"2354","poultryman","sensitive"
"2355","praetor","sensitive"
"2356","priest","sensitive"
"2357","prince_of_wales","sensitive"
"2358","princeling","sensitive"
"2359","princeling","sensitive"
"2360","proconsul","sensitive"
"2361","property_man","sensitive"
"2362","quarryman","sensitive"
"2363","raftsman","sensitive"
"2364","raja","sensitive"
"2365","rake","sensitive"
"2366","remittance_man","sensitive"
"2367","renaissance_man","sensitive"
"2368","renaissance_man","sensitive"
"2369","repairman","sensitive"
"2370","rifleman","sensitive"
"2371","rifleman","sensitive"
"2372","right-hand_man","sensitive"
"2373","roadman","sensitive"
"2374","roman","sensitive"
"2375","roman","sensitive"
"2376","roman_emperor","sensitive"
"2377","romeo","sensitive"
"2378","roundsman","sensitive"
"2379","sadhu","sensitive"
"2380","salesman","sensitive"
"2381","samurai","sensitive"
"2382","sandboy","sensitive"
"2383","sandwichman","sensitive"
"2384","sannup","sensitive"
"2385","satyr","sensitive"
"2386","schoolboy","sensitive"
"2387","schoolman","sensitive"
"2388","sea_scout","sensitive"
"2389","second_baseman","sensitive"
"2390","section_man","sensitive"
"2391","seducer","sensitive"
"2392","seedsman","sensitive"
"2393","selectman","sensitive"
"2394","senhor","sensitive"
"2395","serviceman","sensitive"
"2396","shah","sensitive"
"2397","shaheed","sensitive"
"2398","shaver","sensitive"
"2399","sheepman","sensitive"
"2400","sheik","sensitive"
"2401","shop_boy","sensitive"
"2402","showman","sensitive"
"2403","showman","sensitive"
"2404","sidesman","sensitive"
"2405","signalman","sensitive"
"2406","signor","sensitive"
"2407","signore","sensitive"
"2408","simeon","sensitive"
"2409","sir","sensitive"
"2410","sir","sensitive"
"2411","sire","sensitive"
"2412","abbess","sensitive"
"2413","actress","sensitive"
"2414","adulteress","sensitive"
"2415","adventuress","sensitive"
"2416","amazon","sensitive"
"2417","ambassadress","sensitive"
"2418","ancestress","sensitive"
"2419","archduchess","sensitive"
"2420","assemblywoman","sensitive"
"2421","au_pair_girl","sensitive"
"2422","aunt","sensitive"
"2423","authoress","sensitive"
"2424","aviatrix","sensitive"
"2425","ayah","sensitive"
"2426","b-girl","sensitive"
"2427","bacchante","sensitive"
"2428","bachelor_girl","sensitive"
"2429","bag","sensitive"
"2430","bag_lady","sensitive"
"2431","baggage","sensitive"
"2432","ball-buster","sensitive"
"2433","ballerina","sensitive"
"2434","ballet_mistress","sensitive"
"2435","barmaid","sensitive"
"2436","baroness","sensitive"
"2437","beard","sensitive"
"2438","beggarwoman","sensitive"
"2439","beguine","sensitive"
"2440","begum","sensitive"
"2441","beldam","sensitive"
"2442","belle","sensitive"
"2443","belly_dancer","sensitive"
"2444","benefactress","sensitive"
"2445","big_sister","sensitive"
"2446","black_woman","sensitive"
"2447","bluestocking","sensitive"
"2448","bobbysoxer","sensitive"
"2449","bondwoman","sensitive"
"2450","bondwoman","sensitive"
"2451","bride","sensitive"
"2452","bride","sensitive"
"2453","bridesmaid","sensitive"
"2454","broad","sensitive"
"2455","brownie","sensitive"
"2456","businesswoman","sensitive"
"2457","butch","sensitive"
"2458","call_girl","sensitive"
"2459","campfire_girl","sensitive"
"2460","canary","sensitive"
"2461","career_girl","sensitive"
"2462","cat","sensitive"
"2463","chachka","sensitive"
"2464","chambermaid","sensitive"
"2465","charwoman","sensitive"
"2466","chairwoman","sensitive"
"2467","chatelaine","sensitive"
"2468","check_girl","sensitive"
"2469","chorus_girl","sensitive"
"2470","cinderella","sensitive"
"2471","circe","sensitive"
"2472","co-ed","sensitive"
"2473","coiffeuse","sensitive"
"2474","colleen","sensitive"
"2475","coloratura","sensitive"
"2476","comedienne","sensitive"
"2477","comedienne","sensitive"
"2478","comfort_woman","sensitive"
"2479","committeewoman","sensitive"
"2480","concubine","sensitive"
"2481","conductress","sensitive"
"2482","confidante","sensitive"
"2483","contralto","sensitive"
"2484","coquette","sensitive"
"2485","cornishwoman","sensitive"
"2486","councilwoman","sensitive"
"2487","countess","sensitive"
"2488","countrywoman","sensitive"
"2489","countrywoman","sensitive"
"2490","cover_girl","sensitive"
"2491","cow","sensitive"
"2492","cowgirl","sensitive"
"2493","crown_princess","sensitive"
"2494","crown_princess","sensitive"
"2495","curandera","sensitive"
"2496","czarina","sensitive"
"2497","dairymaid","sensitive"
"2498","dame","sensitive"
"2499","dame","sensitive"
"2500","damsel","sensitive"
"2501","daughter","sensitive"
"2502","daughter-in-law","sensitive"
"2503","daygirl","sensitive"
"2504","deaconess","sensitive"
"2505","debutante","sensitive"
"2506","demimondaine","sensitive"
"2507","den_mother","sensitive"
"2508","den_mother","sensitive"
"2509","divorcee","sensitive"
"2510","donna","sensitive"
"2511","doyenne","sensitive"
"2512","dragon","sensitive"
"2513","drum_majorette","sensitive"
"2514","drum_majorette","sensitive"
"2515","duchess","sensitive"
"2516","duenna","sensitive"
"2517","embroideress","sensitive"
"2518","empress","sensitive"
"2519","enchantress","sensitive"
"2520","enchantress","sensitive"
"2521","englishwoman","sensitive"
"2522","enlisted_woman","sensitive"
"2523","ex-wife","sensitive"
"2524","executrix","sensitive"
"2525","eyeful","sensitive"
"2526","fairy_godmother","sensitive"
"2527","farm_girl","sensitive"
"2528","farmerette","sensitive"
"2529","female","sensitive"
"2530","female","sensitive"
"2531","female_aristocrat","sensitive"
"2532","female_child","sensitive"
"2533","female_offspring","sensitive"
"2534","female_sibling","sensitive"
"2535","fiancee","sensitive"
"2536","first_lady","sensitive"
"2537","first_lady","sensitive"
"2538","flapper","sensitive"
"2539","flibbertigibbet","sensitive"
"2540","flower_girl","sensitive"
"2541","flower_girl","sensitive"
"2542","foremother","sensitive"
"2543","forewoman","sensitive"
"2544","forewoman","sensitive"
"2545","foster-daughter","sensitive"
"2546","foster-mother","sensitive"
"2547","foster-nurse","sensitive"
"2548","foster-sister","sensitive"
"2549","foundress","sensitive"
"2550","frontierswoman","sensitive"
"2551","frump","sensitive"
"2552","gal","sensitive"
"2553","gamine","sensitive"
"2554","gamine","sensitive"
"2555","geisha","sensitive"
"2556","gibson_girl","sensitive"
"2557","girl","sensitive"
"2558","girl","sensitive"
"2559","girl_friday","sensitive"
"2560","girl_scout","sensitive"
"2561","girl_wonder","sensitive"
"2562","girlfriend","sensitive"
"2563","girlfriend","sensitive"
"2564","gitana","sensitive"
"2565","goddaughter","sensitive"
"2566","godmother","sensitive"
"2567","gold_digger","sensitive"
"2568","golf_widow","sensitive"
"2569","governess","sensitive"
"2570","grand_duchess","sensitive"
"2571","granddaughter","sensitive"
"2572","grande_dame","sensitive"
"2573","granny","sensitive"
"2574","gravida","sensitive"
"2575","great_granddaughter","sensitive"
"2576","great_grandmother","sensitive"
"2577","great-aunt","sensitive"
"2578","great-niece","sensitive"
"2579","groupie","sensitive"
"2580","hag","sensitive"
"2581","half_sister","sensitive"
"2582","handmaid","sensitive"
"2583","harridan","sensitive"
"2584","headmistress","sensitive"
"2585","heiress","sensitive"
"2586","her","sensitive"
"2587","her","sensitive"
"2588","heroine","sensitive"
"2589","hers","sensitive"
"2590","herself","sensitive"
"2591","homegirl","sensitive"
"2592","honest_woman","sensitive"
"2593","horsewoman","sensitive"
"2594","hostess","sensitive"
"2595","hostess","sensitive"
"2596","housemother","sensitive"
"2597","housewife","sensitive"
"2598","huntress","sensitive"
"2599","idolatress","sensitive"
"2600","inamorata","sensitive"
"2601","ingenue","sensitive"
"2602","ingenue","sensitive"
"2603","instructress","sensitive"
"2604","irishwoman","sensitive"
"2605","jane_doe","sensitive"
"2606","jewess","sensitive"
"2607","jezebel","sensitive"
"2608","jilt","sensitive"
"2609","kinswoman","sensitive"
"2610","ladies","sensitive"
"2611","lady","sensitive"
"2612","lady","sensitive"
"2613","lady's_maid","sensitive"
"2614","ladylove","sensitive"
"2615","landlady","sensitive"
"2616","lass","sensitive"
"2617","leading_lady","sensitive"
"2618","light-o'-love","sensitive"
"2619","little_sister","sensitive"
"2620","lollipop_lady","sensitive"
"2621","ma","sensitive"
"2622","ma'am","sensitive"
"2623","madam","sensitive"
"2624","madam","sensitive"
"2625","madame","sensitive"
"2626","madwoman","sensitive"
"2627","maenad","sensitive"
"2628","maenad","sensitive"
"2629","maharani","sensitive"
"2630","maid","sensitive"
"2631","maid","sensitive"
"2632","maiden_aunt","sensitive"
"2633","mamma","sensitive"
"2634","mammy","sensitive"
"2635","manageress","sensitive"
"2636","mannequin","sensitive"
"2637","marchioness","sensitive"
"2638","marchioness","sensitive"
"2639","matriarch","sensitive"
"2640","matriarch","sensitive"
"2641","matron","sensitive"
"2642","matron","sensitive"
"2643","matron","sensitive"
"2644","matron_of_honor","sensitive"
"2645","may_queen","sensitive"
"2646","mayoress","sensitive"
"2647","mayoress","sensitive"
"2648","mediatrix","sensitive"
"2649","memsahib","sensitive"
"2650","mestiza","sensitive"
"2651","meter_maid","sensitive"
"2652","midwife","sensitive"
"2653","milady","sensitive"
"2654","mill-girl","sensitive"
"2655","millionairess","sensitive"
"2656","miss","sensitive"
"2657","missus","sensitive"
"2658","mistress","sensitive"
"2659","mistress","sensitive"
"2660","mother","sensitive"
"2661","mother","sensitive"
"2662","mother","sensitive"
"2663","mother_figure","sensitive"
"2664","mother_hen","sensitive"
"2665","mother-in-law","sensitive"
"2666","mother's_daughter","sensitive"
"2667","mrs.","sensitive"
"2668","ms.","sensitive"
"2669","murderess","sensitive"
"2670","muslimah","sensitive"
"2671","nan","sensitive"
"2672","nanny","sensitive"
"2673","nautch_girl","sensitive"
"2674","negotiatress","sensitive"
"2675","negress","sensitive"
"2676","newswoman","sensitive"
"2677","niece","sensitive"
"2678","niqaabi","sensitive"
"2679","nullipara","sensitive"
"2680","nun","sensitive"
"2681","nymph","sensitive"
"2682","nymphet","sensitive"
"2683","nymphomaniac","sensitive"
"2684","oarswoman","sensitive"
"2685","odalisque","sensitive"
"2686","old_lady","sensitive"
"2687","old_woman","sensitive"
"2688","outdoorswoman","sensitive"
"2689","parisienne","sensitive"
"2690","parlormaid","sensitive"
"2691","party_girl","sensitive"
"2692","patroness","sensitive"
"2693","peri","sensitive"
"2694","poetess","sensitive"
"2695","point_woman","sensitive"
"2696","police_matron","sensitive"
"2697","polyandrist","sensitive"
"2698","poseuse","sensitive"
"2699","poster_girl","sensitive"
"2700","postmistress","sensitive"
"2701","priestess","sensitive"
"2702","prima_ballerina","sensitive"
"2703","prima_donna","sensitive"
"2704","primigravida","sensitive"
"2705","primipara","sensitive"
"2706","prince_consort","sensitive"
"2707","princess","sensitive"
"2708","princess_royal","sensitive"
"2709","procuress","sensitive"
"2710","prophetess","sensitive"
"2711","proprietress","sensitive"
"2712","protegee","sensitive"
"2713","puerpera","sensitive"
"2714","quadripara","sensitive"
"2715","queen","sensitive"
"2716","queen","sensitive"
"2717","queen","sensitive"
"2718","queen_consort","sensitive"
"2719","queen_dowager","sensitive"
"2720","queen_mother","sensitive"
"2721","queen_of_england","sensitive"
"2722","queen_regent","sensitive"
"2723","quintipara","sensitive"
"2724","rani","sensitive"
"2725","rhea_silvia","sensitive"
"2726","ring_girl","sensitive"
"2727","rosebud","sensitive"
"2728","salesgirl","sensitive"
"2729","schoolgirl","sensitive"
"2730","schoolmarm","sensitive"
"2731","scold","sensitive"
"2732","scotswoman","sensitive"
"2733","sculptress","sensitive"
"2734","secundigravida","sensitive"
"2735","seductress","sensitive"
"2736","selectwoman","sensitive"
"2737","servant_girl","sensitive"
"2738","sex_kitten","sensitive"
"2739","she","sensitive"
"2740","she-devil","sensitive"
"2741","sheika","sensitive"
"2742","shepherdess","sensitive"
"2743","shiksa","sensitive"
"2744","shop_girl","sensitive"
"2745","shrew","sensitive"
"2746","sibyl","sensitive"
"2747","sibyl","sensitive"
"2748","signora","sensitive"
"2749","signorina","sensitive"
"2750","sister","sensitive"
"2751","sister","sensitive"
"2752","sister","sensitive"
"2753","sister-in-law","sensitive"
"2754","skivvy","sensitive"
"2755","slattern","sensitive"
"2756","smasher","sensitive"
"2757","songstress","sensitive"
"2758","soprano","sensitive"
"2759","sorceress","sensitive"
"2760","soubrette","sensitive"
"2761","spinster","sensitive"
"2762","spitfire","sensitive"
"2763","spokeswoman","sensitive"
"2764","squaw","sensitive"
"2765","squire","sensitive"
"2766","starlet","sensitive"
"2767","stateswoman","sensitive"
"2768","stepdaughter","sensitive"
"2769","stepmother","sensitive"
"2770","stewardess","sensitive"
"2771","suffragette","sensitive"
"2772","supermom","sensitive"
"2773","surrogate_mother","sensitive"
"2774","sweater_girl","sensitive"
"2775","sylph","sensitive"
"2776","taskmistress","sensitive"
"2777","taxi_dancer","sensitive"
"2778","tertigravida","sensitive"
"2779","test-tube_baby","sensitive"
"2780","testatrix","sensitive"
"2781","thrush","sensitive"
"2782","toast_mistress","sensitive"
"2783","tomboy","sensitive"
"2784","torch_singer","sensitive"
"2785","traitress","sensitive"
"2786","trophy_wife","sensitive"
"2787","undoer","sensitive"
"2788","unmarried_woman","sensitive"
"2789","unpleasant_woman","sensitive"
"2790","usherette","sensitive"
"2791","uxor","sensitive"
"2792","valley_girl","sensitive"
"2793","vestal","sensitive"
"2794","vestal_virgin","sensitive"
"2795","vestrywoman","sensitive"
"2796","villainess","sensitive"
"2797","virago","sensitive"
"2798","viscountess","sensitive"
"2799","viscountess","sensitive"
"2800","wac","sensitive"
"2801","waitress","sensitive"
"2802","wanton","sensitive"
"2803","war_bride","sensitive"
"2804","war_widow","sensitive"
"2805","wardress","sensitive"
"2806","washwoman","sensitive"
"2807","wet_nurse","sensitive"
"2808","white_slave","sensitive"
"2809","white_woman","sensitive"
"2810","widow","sensitive"
"2811","wife","sensitive"
"2812","woman","sensitive"
"2813","woman","sensitive"
"2814","women","sensitive"
"2815","wonder_woman","sensitive"
"2817","yellow_woman","sensitive"
"2818","yenta","sensitive"
"2819","abandoned_person","not_sensitive"
"2820","abator","not_sensitive"
"2821","abbe","not_sensitive"
"2822","abdicator","not_sensitive"
"2823","abecedarian","not_sensitive"
"2824","aberrant","not_sensitive"
"2825","abettor","not_sensitive"
"2826","abhorrer","not_sensitive"
"2827","abiogenist","not_sensitive"
"2828","abjurer","not_sensitive"
"2829","abkhaz","not_sensitive"
"2830","abnaki","not_sensitive"
"2831","abnegator","not_sensitive"
"2832","abolitionist","not_sensitive"
"2833","abomination","not_sensitive"
"2834","abominator","not_sensitive"
"2835","aborigine","not_sensitive"
"2836","abortionist","not_sensitive"
"2837","abridger","not_sensitive"
"2838","abrogator","not_sensitive"
"2839","absconder","not_sensitive"
"2840","abseiler","not_sensitive"
"2841","absentee","not_sensitive"
"2842","absolutist","not_sensitive"
"2843","absolver","not_sensitive"
"2844","abstainer","not_sensitive"
"2845","abstainer","not_sensitive"
"2846","abstractionist","not_sensitive"
"2847","abstractor","not_sensitive"
"2848","abuser","not_sensitive"
"2849","abutter","not_sensitive"
"2850","academic_administrator","not_sensitive"
"2851","academician","not_sensitive"
"2852","academician","not_sensitive"
"2853","academician","not_sensitive"
"2854","acadian","not_sensitive"
"2855","acceptor","not_sensitive"
"2856","accessory","not_sensitive"
"2857","accessory_after_the_fact","not_sensitive"
"2858","accessory_before_the_fact","not_sensitive"
"2859","accessory_during_the_fact","not_sensitive"
"2860","accommodation_endorser","not_sensitive"
"2861","accompanist","not_sensitive"
"2862","accomplice","not_sensitive"
"2863","accordionist","not_sensitive"
"2864","account_executive","not_sensitive"
"2865","accountant","not_sensitive"
"2866","accused","not_sensitive"
"2867","accuser","not_sensitive"
"2868","ace","not_sensitive"
"2869","achaean","not_sensitive"
"2870","achiever","not_sensitive"
"2871","achomawi","not_sensitive"
"2872","acid_head","not_sensitive"
"2873","acolyte","not_sensitive"
"2874","acoustician","not_sensitive"
"2875","acquaintance","not_sensitive"
"2876","acquirer","not_sensitive"
"2877","acrobat","not_sensitive"
"2878","action_officer","not_sensitive"
"2879","active","not_sensitive"
"2880","active_citizen","not_sensitive"
"2881","actor","not_sensitive"
"2882","actor","not_sensitive"
"2883","actor's_agent","not_sensitive"
"2884","adder","not_sensitive"
"2885","addict","not_sensitive"
"2886","addict","not_sensitive"
"2887","addle-head","not_sensitive"
"2888","addressee","not_sensitive"
"2889","adducer","not_sensitive"
"2890","adjudicator","not_sensitive"
"2891","adjunct","not_sensitive"
"2892","adjuster","not_sensitive"
"2893","adjutant","not_sensitive"
"2894","adjutant_general","not_sensitive"
"2895","administrator","not_sensitive"
"2896","administrator","not_sensitive"
"2897","administrator","not_sensitive"
"2898","admiral","not_sensitive"
"2899","admirer","not_sensitive"
"2900","admirer","not_sensitive"
"2901","admonisher","not_sensitive"
"2902","adolescent","not_sensitive"
"2903","adoptee","not_sensitive"
"2904","adoptive_parent","not_sensitive"
"2905","adult","not_sensitive"
"2906","adulterator","not_sensitive"
"2907","adulterer","not_sensitive"
"2908","advancer","not_sensitive"
"2909","adventist","not_sensitive"
"2910","adventurer","not_sensitive"
"2911","adversary","not_sensitive"
"2912","adverse_witness","not_sensitive"
"2913","advertiser","not_sensitive"
"2914","advisee","not_sensitive"
"2915","adviser","not_sensitive"
"2916","advocate","not_sensitive"
"2917","advocate","not_sensitive"
"2918","aeolian","not_sensitive"
"2919","aerialist","not_sensitive"
"2920","aeronautical_engineer","not_sensitive"
"2921","aerophile","not_sensitive"
"2922","aerospace_engineer","not_sensitive"
"2923","affiant","not_sensitive"
"2924","affiliate","not_sensitive"
"2925","affine","not_sensitive"
"2926","affluent","not_sensitive"
"2927","afghan","not_sensitive"
"2928","aficionado","not_sensitive"
"2929","aficionado","not_sensitive"
"2930","african","not_sensitive"
"2931","african-american","not_sensitive"
"2932","afrikaner","not_sensitive"
"2933","agent","not_sensitive"
"2934","agent","not_sensitive"
"2935","agent","not_sensitive"
"2936","agent_provocateur","not_sensitive"
"2937","agent-in-place","not_sensitive"
"2938","aggravator","not_sensitive"
"2939","aggressor","not_sensitive"
"2940","agitator","not_sensitive"
"2941","agnate","not_sensitive"
"2942","agnostic","not_sensitive"
"2943","agnostic","not_sensitive"
"2944","agonist","not_sensitive"
"2945","agony_aunt","not_sensitive"
"2946","agricultural_laborer","not_sensitive"
"2947","agriculturist","not_sensitive"
"2948","agronomist","not_sensitive"
"2949","aide","not_sensitive"
"2950","air_attache","not_sensitive"
"2951","air_force_officer","not_sensitive"
"2952","air_marshal","not_sensitive"
"2953","air_traveler","not_sensitive"
"2954","airhead","not_sensitive"
"2955","akwa'ala","not_sensitive"
"2956","alabama","not_sensitive"
"2957","alabaman","not_sensitive"
"2958","alarmist","not_sensitive"
"2959","alaska_native","not_sensitive"
"2960","alaskan","not_sensitive"
"2961","albanian","not_sensitive"
"2962","albino","not_sensitive"
"2963","alcalde","not_sensitive"
"2964","alchemist","not_sensitive"
"2965","alcoholic","not_sensitive"
"2966","aleut","not_sensitive"
"2967","alexandrian","not_sensitive"
"2968","alexic","not_sensitive"
"2969","algebraist","not_sensitive"
"2970","algerian","not_sensitive"
"2971","algonkian","not_sensitive"
"2972","algonquian","not_sensitive"
"2973","alien_absconder","not_sensitive"
"2974","alienator","not_sensitive"
"2975","alienee","not_sensitive"
"2976","alienist","not_sensitive"
"2977","alienor","not_sensitive"
"2978","aliterate","not_sensitive"
"2979","all-rounder","not_sensitive"
"2980","allegorizer","not_sensitive"
"2981","allergist","not_sensitive"
"2982","alleviator","not_sensitive"
"2983","alliterator","not_sensitive"
"2984","allocator","not_sensitive"
"2985","ally","not_sensitive"
"2986","almoner","not_sensitive"
"2987","almoravid","not_sensitive"
"2988","almsgiver","not_sensitive"
"2989","alphabetizer","not_sensitive"
"2990","alpinist","not_sensitive"
"2991","alsatian","not_sensitive"
"2992","altaic","not_sensitive"
"2993","alter_ego","not_sensitive"
"2994","alto","not_sensitive"
"2995","alto_saxophonist","not_sensitive"
"2996","alumnus","not_sensitive"
"2997","amalgamator","not_sensitive"
"2998","amateur","not_sensitive"
"2999","amateur","not_sensitive"
"3000","ambassador","not_sensitive"
"3001","ambassador","not_sensitive"
"3002","ambulance_chaser","not_sensitive"
"3003","ambusher","not_sensitive"
"3004","american","not_sensitive"
"3005","american","not_sensitive"
"3006","american_revolutionary_leader","not_sensitive"
"3007","amerindian","not_sensitive"
"3008","amhara","not_sensitive"
"3009","amicus_curiae","not_sensitive"
"3010","amigo","not_sensitive"
"3011","amish","not_sensitive"
"3012","amnesic","not_sensitive"
"3013","amora","not_sensitive"
"3014","amoralist","not_sensitive"
"3015","amorist","not_sensitive"
"3016","amputator","not_sensitive"
"3017","amputee","not_sensitive"
"3018","anabaptist","not_sensitive"
"3019","anachronism","not_sensitive"
"3020","anagnost","not_sensitive"
"3021","analogist","not_sensitive"
"3022","analphabet","not_sensitive"
"3023","analysand","not_sensitive"
"3024","analyst","not_sensitive"
"3025","analyst","not_sensitive"
"3026","analyst","not_sensitive"
"3027","anarchist","not_sensitive"
"3028","anasazi","not_sensitive"
"3029","anathema","not_sensitive"
"3030","anatomist","not_sensitive"
"3031","ancestor","not_sensitive"
"3032","anchor","not_sensitive"
"3033","anchorite","not_sensitive"
"3034","ancient","not_sensitive"
"3035","ancient","not_sensitive"
"3036","andorran","not_sensitive"
"3037","anecdotist","not_sensitive"
"3038","anesthesiologist","not_sensitive"
"3039","angel","not_sensitive"
"3040","angevin","not_sensitive"
"3041","angiologist","not_sensitive"
"3042","angle","not_sensitive"
"3043","angler","not_sensitive"
"3044","angler","not_sensitive"
"3045","anglican","not_sensitive"
"3046","anglican_catholic","not_sensitive"
"3047","anglo-american","not_sensitive"
"3048","anglo-indian","not_sensitive"
"3049","anglo-saxon","not_sensitive"
"3050","anglo-saxon","not_sensitive"
"3051","anglophile","not_sensitive"
"3052","anglophobe","not_sensitive"
"3053","angolan","not_sensitive"
"3054","angolese","not_sensitive"
"3055","anguillan","not_sensitive"
"3056","animal_fancier","not_sensitive"
"3057","animal_trainer","not_sensitive"
"3058","animator","not_sensitive"
"3059","animist","not_sensitive"
"3060","annalist","not_sensitive"
"3061","annihilator","not_sensitive"
"3062","annotator","not_sensitive"
"3063","announcer","not_sensitive"
"3064","announcer","not_sensitive"
"3065","annuitant","not_sensitive"
"3066","anointer","not_sensitive"
"3067","anomalist","not_sensitive"
"3068","anomaly","not_sensitive"
"3069","anorexic","not_sensitive"
"3070","antediluvian","not_sensitive"
"3071","anthologist","not_sensitive"
"3072","anthropoid","not_sensitive"
"3073","anthropologist","not_sensitive"
"3074","anti","not_sensitive"
"3075","anti-american","not_sensitive"
"3076","anti-semite","not_sensitive"
"3077","anticipator","not_sensitive"
"3078","antifeminist","not_sensitive"
"3079","antiguan","not_sensitive"
"3080","antinomian","not_sensitive"
"3081","antipope","not_sensitive"
"3082","antiquary","not_sensitive"
"3083","anzac","not_sensitive"
"3084","apache","not_sensitive"
"3085","apache","not_sensitive"
"3086","aphakic","not_sensitive"
"3087","aphasic","not_sensitive"
"3088","aphorist","not_sensitive"
"3089","apologist","not_sensitive"
"3090","apostle","not_sensitive"
"3091","apostle","not_sensitive"
"3092","apostolic_delegate","not_sensitive"
"3093","appalachian","not_sensitive"
"3094","apparatchik","not_sensitive"
"3095","apparatchik","not_sensitive"
"3096","appeaser","not_sensitive"
"3097","appellant","not_sensitive"
"3098","apple_polisher","not_sensitive"
"3099","applicant","not_sensitive"
"3100","appointee","not_sensitive"
"3101","appointee","not_sensitive"
"3102","appraiser","not_sensitive"
"3103","appraiser","not_sensitive"
"3104","appreciator","not_sensitive"
"3105","apprehender","not_sensitive"
"3106","apprentice","not_sensitive"
"3107","appropriator","not_sensitive"
"3108","approver","not_sensitive"
"3109","april_fool","not_sensitive"
"3110","aquanaut","not_sensitive"
"3111","aquarius","not_sensitive"
"3112","arab","not_sensitive"
"3113","arabist","not_sensitive"
"3114","aramean","not_sensitive"
"3115","arapaho","not_sensitive"
"3116","arawak","not_sensitive"
"3117","arbiter","not_sensitive"
"3118","arbiter","not_sensitive"
"3119","arbitrageur","not_sensitive"
"3120","arcadian","not_sensitive"
"3121","archaist","not_sensitive"
"3122","archduke","not_sensitive"
"3123","archeologist","not_sensitive"
"3124","archer","not_sensitive"
"3125","architect","not_sensitive"
"3126","archivist","not_sensitive"
"3127","areopagite","not_sensitive"
"3128","argentinian","not_sensitive"
"3129","argive","not_sensitive"
"3130","argonaut","not_sensitive"
"3131","arianist","not_sensitive"
"3132","aries","not_sensitive"
"3133","arikara","not_sensitive"
"3134","aristocrat","not_sensitive"
"3135","aristotelian","not_sensitive"
"3136","arithmetician","not_sensitive"
"3137","arizonan","not_sensitive"
"3138","arkansan","not_sensitive"
"3139","armchair_liberal","not_sensitive"
"3140","armenian","not_sensitive"
"3141","arminian","not_sensitive"
"3142","armorer","not_sensitive"
"3143","armorer","not_sensitive"
"3144","arms_manufacturer","not_sensitive"
"3145","army_attache","not_sensitive"
"3146","army_brat","not_sensitive"
"3147","army_engineer","not_sensitive"
"3148","army_officer","not_sensitive"
"3149","arranger","not_sensitive"
"3150","arrival","not_sensitive"
"3151","arrogator","not_sensitive"
"3152","arrowsmith","not_sensitive"
"3153","arsonist","not_sensitive"
"3154","art_critic","not_sensitive"
"3155","art_dealer","not_sensitive"
"3156","art_director","not_sensitive"
"3157","art_editor","not_sensitive"
"3158","art_historian","not_sensitive"
"3159","art_student","not_sensitive"
"3160","art_teacher","not_sensitive"
"3161","arthritic","not_sensitive"
"3162","articulator","not_sensitive"
"3163","artist","not_sensitive"
"3164","artist's_model","not_sensitive"
"3165","artiste","not_sensitive"
"3166","ascender","not_sensitive"
"3167","ashkenazi","not_sensitive"
"3168","asian","not_sensitive"
"3169","asian_american","not_sensitive"
"3170","aspirant","not_sensitive"
"3171","assamese","not_sensitive"
"3172","assassin","not_sensitive"
"3173","assassin","not_sensitive"
"3174","assayer","not_sensitive"
"3175","assenter","not_sensitive"
"3176","asserter","not_sensitive"
"3177","assessee","not_sensitive"
"3178","assignee","not_sensitive"
"3179","assignor","not_sensitive"
"3180","assistant","not_sensitive"
"3181","assistant_professor","not_sensitive"
"3182","associate","not_sensitive"
"3183","associate","not_sensitive"
"3184","associate_professor","not_sensitive"
"3185","assyrian","not_sensitive"
"3186","asthmatic","not_sensitive"
"3187","astrogator","not_sensitive"
"3188","astrologer","not_sensitive"
"3189","astronaut","not_sensitive"
"3190","astronomer","not_sensitive"
"3191","astrophysicist","not_sensitive"
"3192","atakapa","not_sensitive"
"3193","athapaskan","not_sensitive"
"3194","atheist","not_sensitive"
"3195","athenian","not_sensitive"
"3196","athlete","not_sensitive"
"3197","atsugewi","not_sensitive"
"3198","attache","not_sensitive"
"3199","attacker","not_sensitive"
"3200","attendant","not_sensitive"
"3201","attendant","not_sensitive"
"3202","attester","not_sensitive"
"3203","attorney_general","not_sensitive"
"3204","attorney_general","not_sensitive"
"3205","au_pair","not_sensitive"
"3206","auctioneer","not_sensitive"
"3207","audile","not_sensitive"
"3208","auditor","not_sensitive"
"3209","auditor","not_sensitive"
"3210","augur","not_sensitive"
"3211","australian","not_sensitive"
"3212","austrian","not_sensitive"
"3213","austronesian","not_sensitive"
"3214","auteur","not_sensitive"
"3215","authoritarian","not_sensitive"
"3216","authority","not_sensitive"
"3217","authority","not_sensitive"
"3218","authority_figure","not_sensitive"
"3219","authorizer","not_sensitive"
"3220","autobiographer","not_sensitive"
"3221","autochthon","not_sensitive"
"3222","autodidact","not_sensitive"
"3223","automaton","not_sensitive"
"3224","automobile_mechanic","not_sensitive"
"3225","automotive_engineer","not_sensitive"
"3226","avenger","not_sensitive"
"3227","aviator","not_sensitive"
"3228","avower","not_sensitive"
"3229","awol","not_sensitive"
"3230","ayatollah","not_sensitive"
"3231","azerbaijani","not_sensitive"
"3232","aztec","not_sensitive"
"3233","baas","not_sensitive"
"3234","baby","not_sensitive"
"3235","baby","not_sensitive"
"3236","baby","not_sensitive"
"3237","baby_boomer","not_sensitive"
"3238","baby_buster","not_sensitive"
"3239","baby_doctor","not_sensitive"
"3240","baby_farmer","not_sensitive"
"3241","babylonian","not_sensitive"
"3242","babyminder","not_sensitive"
"3243","babysitter","not_sensitive"
"3244","bacchant","not_sensitive"
"3245","back","not_sensitive"
"3246","back_judge","not_sensitive"
"3247","backbencher","not_sensitive"
"3248","backpacker","not_sensitive"
"3249","backscratcher","not_sensitive"
"3250","backseat_driver","not_sensitive"
"3251","backslapper","not_sensitive"
"3252","backstroker","not_sensitive"
"3253","bacteriologist","not_sensitive"
"3254","bad_egg","not_sensitive"
"3255","bad_guy","not_sensitive"
"3256","bad_person","not_sensitive"
"3257","badaga","not_sensitive"
"3258","bahai","not_sensitive"
"3259","bahamian","not_sensitive"
"3260","bahraini","not_sensitive"
"3261","bailee","not_sensitive"
"3262","bailiff","not_sensitive"
"3263","bailor","not_sensitive"
"3264","bairn","not_sensitive"
"3265","baker","not_sensitive"
"3266","baker","not_sensitive"
"3267","balancer","not_sensitive"
"3268","baldhead","not_sensitive"
"3269","balkan","not_sensitive"
"3270","balker","not_sensitive"
"3271","ball_carrier","not_sensitive"
"3272","ball_hawk","not_sensitive"
"3273","ballet_dancer","not_sensitive"
"3274","balletomane","not_sensitive"
"3275","balloonist","not_sensitive"
"3276","ballplayer","not_sensitive"
"3277","banderillero","not_sensitive"
"3278","bandit","not_sensitive"
"3279","bandleader","not_sensitive"
"3280","bandmaster","not_sensitive"
"3281","bangladeshi","not_sensitive"
"3282","bank_commissioner","not_sensitive"
"3283","bank_examiner","not_sensitive"
"3284","bank_guard","not_sensitive"
"3285","bank_manager","not_sensitive"
"3286","bank_robber","not_sensitive"
"3287","banker","not_sensitive"
"3288","banker","not_sensitive"
"3289","bankrupt","not_sensitive"
"3290","bantamweight","not_sensitive"
"3291","bantamweight","not_sensitive"
"3292","bantu","not_sensitive"
"3293","baptist","not_sensitive"
"3294","bar_fly","not_sensitive"
"3295","barbadian","not_sensitive"
"3296","barber","not_sensitive"
"3297","bard","not_sensitive"
"3298","bargain_hunter","not_sensitive"
"3299","bargainer","not_sensitive"
"3300","barker","not_sensitive"
"3301","barnburner","not_sensitive"
"3302","barnstormer","not_sensitive"
"3303","barnstormer","not_sensitive"
"3304","baronet","not_sensitive"
"3305","barrator","not_sensitive"
"3306","barrister","not_sensitive"
"3307","bartender","not_sensitive"
"3308","barterer","not_sensitive"
"3309","base_runner","not_sensitive"
"3310","baseball_coach","not_sensitive"
"3311","basket_maker","not_sensitive"
"3312","basketball_coach","not_sensitive"
"3313","basketball_player","not_sensitive"
"3314","basketweaver","not_sensitive"
"3315","basotho","not_sensitive"
"3316","basque","not_sensitive"
"3317","bassist","not_sensitive"
"3318","bassoonist","not_sensitive"
"3319","baster","not_sensitive"
"3320","baster","not_sensitive"
"3321","bather","not_sensitive"
"3322","baton_twirler","not_sensitive"
"3323","batter","not_sensitive"
"3324","batting_coach","not_sensitive"
"3325","battle-ax","not_sensitive"
"3326","bavarian","not_sensitive"
"3327","bawler","not_sensitive"
"3328","bay_stater","not_sensitive"
"3329","beachcomber","not_sensitive"
"3330","beadle","not_sensitive"
"3331","bean_counter","not_sensitive"
"3332","bear","not_sensitive"
"3333","bearer","not_sensitive"
"3334","beast","not_sensitive"
"3335","beater","not_sensitive"
"3336","beatnik","not_sensitive"
"3337","beautician","not_sensitive"
"3338","beauty_consultant","not_sensitive"
"3339","bedfellow","not_sensitive"
"3340","bedfellow","not_sensitive"
"3341","bedlamite","not_sensitive"
"3342","bedouin","not_sensitive"
"3343","bedwetter","not_sensitive"
"3344","beekeeper","not_sensitive"
"3345","beer_drinker","not_sensitive"
"3346","beggar","not_sensitive"
"3347","behaviorist","not_sensitive"
"3348","bel_esprit","not_sensitive"
"3349","belgian","not_sensitive"
"3350","believer","not_sensitive"
"3351","believer","not_sensitive"
"3352","bell_captain","not_sensitive"
"3353","bell_founder","not_sensitive"
"3354","bell_ringer","not_sensitive"
"3355","bellwether","not_sensitive"
"3356","beloved","not_sensitive"
"3357","belt_maker","not_sensitive"
"3358","bench_warmer","not_sensitive"
"3359","benedictine","not_sensitive"
"3360","benefactor","not_sensitive"
"3361","beneficiary","not_sensitive"
"3362","bengali","not_sensitive"
"3363","beninese","not_sensitive"
"3364","berber","not_sensitive"
"3365","bereaved","not_sensitive"
"3366","berk","not_sensitive"
"3367","berliner","not_sensitive"
"3368","bermudan","not_sensitive"
"3369","berserker","not_sensitive"
"3370","besieger","not_sensitive"
"3371","besieger","not_sensitive"
"3372","best","not_sensitive"
"3373","best_friend","not_sensitive"
"3374","betrothed","not_sensitive"
"3375","better","not_sensitive"
"3376","bettor","not_sensitive"
"3377","bhutanese","not_sensitive"
"3378","bibliographer","not_sensitive"
"3379","bibliophile","not_sensitive"
"3380","bibliopole","not_sensitive"
"3381","bibliotist","not_sensitive"
"3382","bidder","not_sensitive"
"3383","bidder","not_sensitive"
"3384","big_brother","not_sensitive"
"3385","big_shot","not_sensitive"
"3386","big_spender","not_sensitive"
"3387","bigamist","not_sensitive"
"3388","bigot","not_sensitive"
"3389","bilingual","not_sensitive"
"3390","bill_poster","not_sensitive"
"3391","billiard_player","not_sensitive"
"3392","billionaire","not_sensitive"
"3393","biloxi","not_sensitive"
"3394","bimetallist","not_sensitive"
"3395","biochemist","not_sensitive"
"3396","biographer","not_sensitive"
"3397","biologist","not_sensitive"
"3398","biophysicist","not_sensitive"
"3399","bird_fancier","not_sensitive"
"3400","bird_watcher","not_sensitive"
"3401","birth","not_sensitive"
"3402","birth-control_campaigner","not_sensitive"
"3403","bisexual","not_sensitive"
"3404","bishop","not_sensitive"
"3405","biter","not_sensitive"
"3406","black","not_sensitive"
"3407","black_african","not_sensitive"
"3408","black_and_tan","not_sensitive"
"3409","black_belt","not_sensitive"
"3410","black_marketeer","not_sensitive"
"3411","black_muslim","not_sensitive"
"3412","black_panther","not_sensitive"
"3413","blackfoot","not_sensitive"
"3414","blackmailer","not_sensitive"
"3415","blackshirt","not_sensitive"
"3416","blacksmith","not_sensitive"
"3417","blasphemer","not_sensitive"
"3418","blaster","not_sensitive"
"3419","bleacher","not_sensitive"
"3420","bleeding_heart","not_sensitive"
"3421","blind_date","not_sensitive"
"3422","blind_person","not_sensitive"
"3423","blocker","not_sensitive"
"3424","blogger","not_sensitive"
"3425","blond","not_sensitive"
"3426","blood_donor","not_sensitive"
"3427","blood_relation","not_sensitive"
"3428","blubberer","not_sensitive"
"3429","blucher","not_sensitive"
"3430","bludgeoner","not_sensitive"
"3431","blue_baby","not_sensitive"
"3432","bluecoat","not_sensitive"
"3433","bluejacket","not_sensitive"
"3434","bluffer","not_sensitive"
"3435","board_member","not_sensitive"
"3436","boarder","not_sensitive"
"3437","boarder","not_sensitive"
"3438","boatbuilder","not_sensitive"
"3439","boatswain","not_sensitive"
"3440","bobby","not_sensitive"
"3441","body_servant","not_sensitive"
"3442","bodybuilder","not_sensitive"
"3443","bodyguard","not_sensitive"
"3444","boffin","not_sensitive"
"3445","bohemian","not_sensitive"
"3446","bohemian","not_sensitive"
"3447","bolivian","not_sensitive"
"3448","bolshevik","not_sensitive"
"3449","bolshevik","not_sensitive"
"3450","bombardier","not_sensitive"
"3451","bombardier","not_sensitive"
"3452","bomber","not_sensitive"
"3453","bombshell","not_sensitive"
"3454","bond_servant","not_sensitive"
"3455","bondholder","not_sensitive"
"3456","bonesetter","not_sensitive"
"3457","book_agent","not_sensitive"
"3458","bookbinder","not_sensitive"
"3459","bookdealer","not_sensitive"
"3460","booker","not_sensitive"
"3461","bookkeeper","not_sensitive"
"3462","bookmaker","not_sensitive"
"3463","bookmaker","not_sensitive"
"3464","bookseller","not_sensitive"
"3465","bookworm","not_sensitive"
"3466","booster","not_sensitive"
"3467","bootblack","not_sensitive"
"3468","bootlegger","not_sensitive"
"3469","bootmaker","not_sensitive"
"3470","borderer","not_sensitive"
"3471","bore","not_sensitive"
"3472","born-again_christian","not_sensitive"
"3473","bornean","not_sensitive"
"3474","borrower","not_sensitive"
"3475","boss","not_sensitive"
"3476","boss","not_sensitive"
"3477","bostonian","not_sensitive"
"3478","boswell","not_sensitive"
"3479","botanist","not_sensitive"
"3480","bottom_dog","not_sensitive"
"3481","bottom_feeder","not_sensitive"
"3482","boulevardier","not_sensitive"
"3483","bouncer","not_sensitive"
"3484","bounder","not_sensitive"
"3485","bounty_hunter","not_sensitive"
"3486","bounty_hunter","not_sensitive"
"3487","bourbon","not_sensitive"
"3488","bourbon","not_sensitive"
"3489","bourgeois","not_sensitive"
"3490","bowler","not_sensitive"
"3491","bowler","not_sensitive"
"3492","boxer","not_sensitive"
"3493","boxer","not_sensitive"
"3494","bracero","not_sensitive"
"3495","brachycephalic","not_sensitive"
"3496","bragger","not_sensitive"
"3497","brahman","not_sensitive"
"3498","brahui","not_sensitive"
"3499","brainworker","not_sensitive"
"3500","brass_hat","not_sensitive"
"3501","brave","not_sensitive"
"3502","brawler","not_sensitive"
"3503","brazilian","not_sensitive"
"3504","breadwinner","not_sensitive"
"3505","breaker","not_sensitive"
"3506","breaststroker","not_sensitive"
"3507","breeder","not_sensitive"
"3508","breton","not_sensitive"
"3509","brewer","not_sensitive"
"3510","brewer","not_sensitive"
"3511","briber","not_sensitive"
"3512","brick","not_sensitive"
"3513","bricklayer","not_sensitive"
"3514","bridge_agent","not_sensitive"
"3515","bridge_partner","not_sensitive"
"3516","bridge_player","not_sensitive"
"3517","brigadier","not_sensitive"
"3518","britisher","not_sensitive"
"3519","briton","not_sensitive"
"3520","broadcast_journalist","not_sensitive"
"3521","broadcaster","not_sensitive"
"3522","broker-dealer","not_sensitive"
"3523","brownshirt","not_sensitive"
"3524","browser","not_sensitive"
"3525","brule","not_sensitive"
"3526","brummie","not_sensitive"
"3527","bruneian","not_sensitive"
"3528","buck_sergeant","not_sensitive"
"3529","buddha","not_sensitive"
"3530","buddhist","not_sensitive"
"3531","bugler","not_sensitive"
"3532","builder","not_sensitive"
"3533","builder","not_sensitive"
"3534","bulgarian","not_sensitive"
"3535","bulimic","not_sensitive"
"3536","bull","not_sensitive"
"3537","bull","not_sensitive"
"3538","bullfighter","not_sensitive"
"3539","bully","not_sensitive"
"3540","bully","not_sensitive"
"3541","bungler","not_sensitive"
"3542","bunkmate","not_sensitive"
"3543","bunny","not_sensitive"
"3544","bunter","not_sensitive"
"3545","bureaucrat","not_sensitive"
"3546","burgess","not_sensitive"
"3547","burglar","not_sensitive"
"3548","burgomaster","not_sensitive"
"3549","burmese","not_sensitive"
"3550","bursar","not_sensitive"
"3551","burundian","not_sensitive"
"3552","bushwhacker","not_sensitive"
"3553","business_agent","not_sensitive"
"3554","business_editor","not_sensitive"
"3555","business_traveler","not_sensitive"
"3556","businessperson","not_sensitive"
"3557","busker","not_sensitive"
"3558","buster","not_sensitive"
"3559","buster","not_sensitive"
"3560","buster","not_sensitive"
"3561","busybody","not_sensitive"
"3562","butcher","not_sensitive"
"3563","butcher","not_sensitive"
"3564","butcher","not_sensitive"
"3565","butter","not_sensitive"
"3566","butterfingers","not_sensitive"
"3567","buttinsky","not_sensitive"
"3568","buyer","not_sensitive"
"3569","byelorussian","not_sensitive"
"3570","bystander","not_sensitive"
"3571","byzantine","not_sensitive"
"3572","cabalist","not_sensitive"
"3573","cabalist","not_sensitive"
"3574","cabalist","not_sensitive"
"3575","cabinet_minister","not_sensitive"
"3576","cabinetmaker","not_sensitive"
"3577","cad","not_sensitive"
"3578","caddie","not_sensitive"
"3579","caddo","not_sensitive"
"3580","cadet","not_sensitive"
"3581","caffeine_addict","not_sensitive"
"3582","cahita","not_sensitive"
"3583","cairene","not_sensitive"
"3584","caitiff","not_sensitive"
"3585","cajun","not_sensitive"
"3586","cakchiquel","not_sensitive"
"3587","calculator","not_sensitive"
"3588","californian","not_sensitive"
"3589","caliph","not_sensitive"
"3590","caller","not_sensitive"
"3591","caller","not_sensitive"
"3592","caller","not_sensitive"
"3593","caller","not_sensitive"
"3594","caller","not_sensitive"
"3595","caller","not_sensitive"
"3596","caller","not_sensitive"
"3597","calligrapher","not_sensitive"
"3598","calvinist","not_sensitive"
"3599","cambodian","not_sensitive"
"3600","cameroonian","not_sensitive"
"3601","camp_follower","not_sensitive"
"3602","camp_follower","not_sensitive"
"3603","campaigner","not_sensitive"
"3604","camper","not_sensitive"
"3605","campmate","not_sensitive"
"3606","canaanite","not_sensitive"
"3607","canadian","not_sensitive"
"3608","cancer","not_sensitive"
"3609","candidate","not_sensitive"
"3610","candlemaker","not_sensitive"
"3611","candy_striper","not_sensitive"
"3612","cannibal","not_sensitive"
"3613","cannon_fodder","not_sensitive"
"3614","canoeist","not_sensitive"
"3615","canon","not_sensitive"
"3616","canonist","not_sensitive"
"3617","cantabrigian","not_sensitive"
"3618","cantor","not_sensitive"
"3619","canuck","not_sensitive"
"3620","canvasser","not_sensitive"
"3621","capetian","not_sensitive"
"3622","capitalist","not_sensitive"
"3623","capitalist","not_sensitive"
"3624","capricorn","not_sensitive"
"3625","captain","not_sensitive"
"3626","captain","not_sensitive"
"3627","captain","not_sensitive"
"3628","captain","not_sensitive"
"3629","captain","not_sensitive"
"3630","captain","not_sensitive"
"3631","captive","not_sensitive"
"3632","captor","not_sensitive"
"3633","carbineer","not_sensitive"
"3634","card_player","not_sensitive"
"3635","cardholder","not_sensitive"
"3636","cardholder","not_sensitive"
"3637","cardinal","not_sensitive"
"3638","cardiologist","not_sensitive"
"3639","cardsharp","not_sensitive"
"3640","careerist","not_sensitive"
"3641","caregiver","not_sensitive"
"3642","caretaker","not_sensitive"
"3643","caretaker","not_sensitive"
"3644","carhop","not_sensitive"
"3645","carib","not_sensitive"
"3646","caricaturist","not_sensitive"
"3647","carillonneur","not_sensitive"
"3648","carioca","not_sensitive"
"3649","carmelite","not_sensitive"
"3650","caroler","not_sensitive"
"3651","carolingian","not_sensitive"
"3652","carolinian","not_sensitive"
"3653","carpenter","not_sensitive"
"3654","carper","not_sensitive"
"3655","carpet_knight","not_sensitive"
"3656","carpetbagger","not_sensitive"
"3657","carrier","not_sensitive"
"3658","carrier","not_sensitive"
"3659","carrier","not_sensitive"
"3660","carter","not_sensitive"
"3661","cartesian","not_sensitive"
"3662","carthaginian","not_sensitive"
"3663","carthusian","not_sensitive"
"3664","cartographer","not_sensitive"
"3665","cartoonist","not_sensitive"
"3666","cartwright","not_sensitive"
"3667","case","not_sensitive"
"3668","case_officer","not_sensitive"
"3669","cashier","not_sensitive"
"3670","castaway","not_sensitive"
"3671","caster","not_sensitive"
"3672","castillian","not_sensitive"
"3673","casualty","not_sensitive"
"3674","casualty","not_sensitive"
"3675","casuist","not_sensitive"
"3676","cat_fancier","not_sensitive"
"3677","catalan","not_sensitive"
"3678","cataleptic","not_sensitive"
"3679","cataloger","not_sensitive"
"3680","catawba","not_sensitive"
"3681","catch","not_sensitive"
"3682","catcher","not_sensitive"
"3683","catechist","not_sensitive"
"3684","catechumen","not_sensitive"
"3685","caterer","not_sensitive"
"3686","catholic","not_sensitive"
"3687","catholicos","not_sensitive"
"3688","cayuga","not_sensitive"
"3689","cebuan","not_sensitive"
"3690","celebrant","not_sensitive"
"3691","celebrant","not_sensitive"
"3692","celebrity","not_sensitive"
"3693","celibate","not_sensitive"
"3694","cellist","not_sensitive"
"3695","celt","not_sensitive"
"3696","cenobite","not_sensitive"
"3697","censor","not_sensitive"
"3698","censor","not_sensitive"
"3699","census_taker","not_sensitive"
"3700","centenarian","not_sensitive"
"3701","center","not_sensitive"
"3702","center","not_sensitive"
"3703","center","not_sensitive"
"3704","center_fielder","not_sensitive"
"3705","central_american","not_sensitive"
"3706","centrist","not_sensitive"
"3707","certified_public_accountant","not_sensitive"
"3708","chadian","not_sensitive"
"3709","chain-smoker","not_sensitive"
"3710","chaldean","not_sensitive"
"3711","chaldean","not_sensitive"
"3712","chamberlain","not_sensitive"
"3713","chamberlain","not_sensitive"
"3714","chameleon","not_sensitive"
"3715","champion","not_sensitive"
"3716","champion","not_sensitive"
"3717","chancellor","not_sensitive"
"3718","chancellor","not_sensitive"
"3719","chancellor_of_the_exchequer","not_sensitive"
"3720","chandler","not_sensitive"
"3721","chandler","not_sensitive"
"3722","changeling","not_sensitive"
"3723","changer","not_sensitive"
"3724","chap","not_sensitive"
"3725","chaperon","not_sensitive"
"3726","chaplain","not_sensitive"
"3727","character","not_sensitive"
"3728","character_actor","not_sensitive"
"3729","character_witness","not_sensitive"
"3730","charcoal_burner","not_sensitive"
"3731","charge","not_sensitive"
"3732","charge_d'affaires","not_sensitive"
"3733","charge_of_quarters","not_sensitive"
"3734","charioteer","not_sensitive"
"3735","charmer","not_sensitive"
"3736","charter_member","not_sensitive"
"3737","chartered_accountant","not_sensitive"
"3738","chartist","not_sensitive"
"3739","chartist","not_sensitive"
"3740","chatterer","not_sensitive"
"3741","chauvinist","not_sensitive"
"3742","chauvinist","not_sensitive"
"3743","cheapjack","not_sensitive"
"3744","cheapskate","not_sensitive"
"3745","chebab","not_sensitive"
"3746","chechen","not_sensitive"
"3747","checker","not_sensitive"
"3748","checker","not_sensitive"
"3749","cheerer","not_sensitive"
"3750","cheerleader","not_sensitive"
"3751","cheerleader","not_sensitive"
"3752","cheesemonger","not_sensitive"
"3753","chef","not_sensitive"
"3754","chela","not_sensitive"
"3755","chemist","not_sensitive"
"3756","cheops","not_sensitive"
"3757","cheremis","not_sensitive"
"3758","cherokee","not_sensitive"
"3759","cherub","not_sensitive"
"3760","chess_master","not_sensitive"
"3761","chess_player","not_sensitive"
"3762","chewa","not_sensitive"
"3763","chewer","not_sensitive"
"3764","cheyenne","not_sensitive"
"3765","chicano","not_sensitive"
"3766","chichi","not_sensitive"
"3767","chickasaw","not_sensitive"
"3768","chief_constable","not_sensitive"
"3769","chief_executive_officer","not_sensitive"
"3770","chief_financial_officer","not_sensitive"
"3771","chief_justice","not_sensitive"
"3772","chief_of_staff","not_sensitive"
"3773","chief_petty_officer","not_sensitive"
"3774","chief_secretary","not_sensitive"
"3775","child","not_sensitive"
"3776","child","not_sensitive"
"3777","child","not_sensitive"
"3778","child","not_sensitive"
"3779","child_prodigy","not_sensitive"
"3780","chilean","not_sensitive"
"3781","chimakum","not_sensitive"
"3782","chimariko","not_sensitive"
"3783","chimneysweeper","not_sensitive"
"3784","chinese","not_sensitive"
"3785","chinook","not_sensitive"
"3786","chipewyan","not_sensitive"
"3787","chiropodist","not_sensitive"
"3788","chiropractor","not_sensitive"
"3789","chit","not_sensitive"
"3790","choctaw","not_sensitive"
"3791","choirmaster","not_sensitive"
"3792","choker","not_sensitive"
"3793","choragus","not_sensitive"
"3794","choreographer","not_sensitive"
"3795","chorister","not_sensitive"
"3796","chosen","not_sensitive"
"3797","christian","not_sensitive"
"3798","christian_scientist","not_sensitive"
"3799","chronicler","not_sensitive"
"3800","chukchi","not_sensitive"
"3801","chump","not_sensitive"
"3802","church_officer","not_sensitive"
"3803","churchgoer","not_sensitive"
"3804","churchwarden","not_sensitive"
"3805","chutzpanik","not_sensitive"
"3806","chuvash","not_sensitive"
"3807","cicerone","not_sensitive"
"3808","cigar_smoker","not_sensitive"
"3809","cigarette_smoker","not_sensitive"
"3810","cipher","not_sensitive"
"3811","circassian","not_sensitive"
"3812","circus_acrobat","not_sensitive"
"3813","citizen","not_sensitive"
"3814","city_editor","not_sensitive"
"3815","city_father","not_sensitive"
"3816","city_slicker","not_sensitive"
"3817","civic_leader","not_sensitive"
"3818","civil_authority","not_sensitive"
